{
  "_format": "hh-sol-cache-2",
  "files": {
    "C:\\Users\\omkar\\OneDrive\\Desktop\\bike-rental-application\\contract\\contracts\\BikeChain.sol": {
      "lastModificationDate": 1683309592229,
      "contentHash": "42c9675ce715b4045b4efe484f946352",
      "sourceName": "contracts/BikeChain.sol",
      "solcConfig": {
        "version": "0.8.18",
        "settings": {
          "optimizer": {
            "enabled": false,
            "runs": 200
          },
          "outputSelection": {
            "*": {
              "*": [
                "abi",
                "evm.bytecode",
                "evm.deployedBytecode",
                "evm.methodIdentifiers",
                "metadata"
              ],
              "": [
                "ast"
              ]
            }
          }
        }
      },
      "imports": [],
      "versionPragmas": [
        "^0.8.0"
      ],
      "artifacts": [
        "BikeChain"
      ]
    },
    "C:\\Users\\omkar\\OneDrive\\Desktop\\bike-rental-application\\contract\\contracts\\Lock.sol": {
      "lastModificationDate": 1683362258688,
      "contentHash": "ae66265769cc28ebdaa34881df95bc5e",
      "sourceName": "contracts/Lock.sol",
      "solcConfig": {
        "version": "0.8.18",
        "settings": {
          "optimizer": {
            "enabled": false,
            "runs": 200
          },
          "outputSelection": {
            "*": {
              "*": [
                "abi",
                "evm.bytecode",
                "evm.deployedBytecode",
                "evm.methodIdentifiers",
                "metadata"
              ],
              "": [
                "ast"
              ]
            }
          }
        }
      },
      "imports": [],
      "versionPragmas": [
        "^0.8.9"
      ],
      "artifacts": [
        "Lock"
      ]
    }
  }
}
